STEP_ID, TRIGGER_TYPE, TRIGGER_VALUE, TARGET_NODE, ACTION, PARAMETER
# Two trains passing loop scenario (collision avoidance)
1, START, 0, TRACK_PASSING, SET_SWITCH, STRAIGHT
2, START, 0, LOCO_FAST, SET_SPEED, 60
3, START, 0, LOCO_SLOW, SET_SPEED, 35
# Approach siding switch
4, IR_BEACON, 10, TRACK_PASSING, SET_SWITCH, TURNOUT
5, IR_BEACON, 10, LOCO_SLOW, SET_SPEED, 20
# Slow train enters siding
6, TRACK_OCCUPIED, TRACK_SIDING, LOCO_SLOW, SET_SPEED, 0
7, TRACK_OCCUPIED, TRACK_SIDING, TRACK_PASSING, SET_SWITCH, STRAIGHT
# Fast train overtakes on mainline
8, IR_BEACON, 12, LOCO_FAST, SET_SPEED, 65
# Mainline cleared, slow train departs siding
9, TRACK_CLEARED, TRACK_MAIN, LOCO_SLOW, SET_SPEED, 40
